stage_name,6f49kbOuQSOsStBpyGvQfA
Coldplay,3HWDWyIqWuLsTHECx9DvXF
Coldplay,3RiPr603aXAoi4GHyXx0uy
Coldplay,5qfZRNjt2TkHEL12r3sDEU
Coldplay,69uxyAqqPIsUyTO8txoP2M
Coldplay,7fJFDK6XjYsXcMKNHESbot
Coldplay,7IX7VAXujvcZ3e1PG7sGP7
Coldplay,4giCxIFPZNQIP4bIZM4sqH
Coldplay,3wtV2ifnHzirkAElgTGh63
Coldplay,3VqiD8Yvk6bKwqS1e64PHB
Coldplay,31L9yLXSj6LpCFupyMV6CR
Coldplay,0FMjqbY3aWo1QDbo3GwXib
Coldplay,23khhseCLQqVMCIT1WMAns
Coldplay,6c6W25YoDGjTq3qSPOga5t
Coldplay,0fQuzbQNLcD1ofo7B2NcFI
Coldplay,4GKk1uNzpxIptBuaY97Dkj
Coldplay,22uzF19LxQW87kOVkR79Fq
Coldplay,2u4uhtETtcULnkBfFHSnDX
Coldplay,0FDzzruyVECATHXKHFs9eJ
Coldplay,77yuzxCS3csrgTPSW0pvyk
Coldplay,3vCzHYgSjMuGjFMfJSCx4c
Coldplay,6WF4hzdGXvXd1joERSXJjm
Coldplay,6nek1Nin9q48AVZcWs9e9D
Coldplay,1yqMgZNrevsWMLWfO2PRp5
Coldplay,5zyfzNnBzN7f7PVkJFnW2g
Coldplay,5Y7ztPw93VbAle55brM0jo
Coldplay,2U8g9wVcUu9wsg6i7sFSv8
Coldplay,6maXBs9zUY48m1UNHgTeRC
Coldplay,6BbIybrP84Tp99DLJg1cq3
Coldplay,4HXOBjwv2RnLpGG4xWOO6N
Coldplay,06t6JWrU05BxaKPtct2P2n
Coldplay,6n1x3DYFDpRau83XsI32NU
Coldplay,69ho6gqRw1Rjy56tXlvnqk
Coldplay,5lIFsEWj9IjNEALbHnPosE
Coldplay,6wmOs2YBp3czOKH9ioM4ht
Coldplay,3K2tFDmMXNxuuO7ZlF3aXP
Coldplay,64pDOeUGiB0vboqmJx2gGp
Coldplay,3gygK5S34nKrhodwF9BdJC
Coldplay,70B6MEskTMdhAkzjFPdMng
Coldplay,41wWuITiFeIeQdyZ1zTUR2
Coldplay,5S6pYZD8WH3OQapDHTDM9M
Coldplay,3UAqUwt7AEStMHsJI9Ht9G
Coldplay,48g8hRC5mvMAWCQ9HSyGyW
Coldplay,0djibL0KZU7HIQ7Ka1o2mR
Coldplay,3cUjzpF5qD1M3jXx01GrSU
Coldplay,0iJflXj9uIpY5Ti47DJgSr
Coldplay,2lZWpb2iIiXHRTzwPzSisM
Coldplay,4UvSPIQQKjvHTcc4VfUx7d
Coldplay,6LlfxH6fGh08AsWKhHWkPF
Coldplay,6biBR71t2IseEgi9EBqv3l
Coldplay,4rTP5STJ0764hahKw3MPsn
Coldplay,7GoXWFbDDsHB6JKf3tAHtN
Coldplay,7MT5mNCNNCoW6XP265UkdS
Coldplay,7vIY0IXV5FDefLv3RZUq7Q
Coldplay,1PdWRsAEovbR8JlpjqqRxm
Coldplay,3IL3zHHAFzqu9JkGzMVqsE
Coldplay,2GkCxLKP04KfDpUYLTmTNl
Coldplay,6fw0Ih9M1GQBMi9yqAt1dP
Coldplay,3Fcfwhm8oRrBvBZ8KGhtea
Coldplay,5147DzKnamWyQdZwsYLHEJ
Coldplay,4NmcfahJGawtwaMATGgP0L
Coldplay,36kG5UXshT0PqnZKsgU8c2
Coldplay,2zQIITgo6sc5ppOfPcH205
Coldplay,39qRdHcl2tizWbzlM9kUlN
Coldplay,0WWz2AaqxLoO0fa9ou6Fqc
Coldplay,7LVHVU3tWfcxj5aiPFEW4Q
Coldplay,4wzt5Rrk3W98pHXAqutuJw
Coldplay,2rxp56vVQp1zzumJ0eHLmw
Coldplay,7clUVcSOtkNWa58Gw5RfD4
Coldplay,2w3eXFL86RgxGtDr8bzwgK
Coldplay,1BBtng1KOF0JuC6bSNgGmp
Coldplay,4Tw9JYF9HOuPRyccNWMgwf
Coldplay,2u2WL5N3KnQnykOZi3fxL6
Coldplay,6kevl5fnM7GRJ2K2rBBnxq
Coldplay,1wQXj5bgxyZQ2XmE2X9s6n