stage_name,song_id
Foo Fighters,3OG5wVO27N3HtdtxPLpPFt
Foo Fighters,1wLQwg0mloy3yXjL0jPE0N
Foo Fighters,33OVwHAdsrJELptAp74TqW
Foo Fighters,3kdMzXOcrDIdSWLdONHNK5
Foo Fighters,0MfVTButkC0WU7aUcIskU6
Foo Fighters,5lnsL7pCg0fQKcWnlkD1F0
Foo Fighters,6JSryEdVJTZq6YBn3wK2sn
Foo Fighters,5jwCEcnS7IXWhD4KuunEDE
Foo Fighters,1tDM9ElAIOimEPBEnkXqe2
Foo Fighters,7hlLPJo0pxh1jQUERqf5O2
Foo Fighters,5Y1A4C3ojxHCadg0wMFlJ0
Foo Fighters,6REiraH7Pe3akd0mkFA4l9
Foo Fighters,1M4Wy6jRce1x17qyE7yQAB
Foo Fighters,40cLVGkjzcZ5FJ3vHkXB0e
Foo Fighters,1cVRidDVfNJ61dlXhCagOT
Foo Fighters,5BfbdJLRp9gUyyxeGJUECL
Foo Fighters,0MXosG7BdA9uukm88V7zAD
Foo Fighters,3O2de2JdIqnVVb5SBpg6wm
Foo Fighters,1jH0OiLvqyyhUOEUu61XPI
Foo Fighters,0bHD1nLe7Nhw55ZGJ92332
Foo Fighters,7v0mtl6oInUtHOmTk2b0gC
Foo Fighters,6HeFCUg1F1v0bnE3JFTlxz
Foo Fighters,57dem1V7wz8owejklpELCh
Foo Fighters,5TOYgNohZAFEPOtnchPhZS
Foo Fighters,2kN05N1AQQplsgFweFAqYb
Foo Fighters,0xMgRt36DpWa7QKNYZy0e4
Foo Fighters,46GHi1UJz1yEumZcMkbJN9
Foo Fighters,2u5OWZVjfuS85zTX3t4lbe
Foo Fighters,042RaY48TNY9aesv8fqYTf
Foo Fighters,76Je5Wklky23mVoxiRszcN
Foo Fighters,7x8dCjCr0x6x2lXKujYD34
Foo Fighters,2XvrMHbSO077Ajg7QTTNdY
Foo Fighters,5t142J9jQl1aaajsbxGjwg
Foo Fighters,0bORa4VpL8NzyMXEI6UFGK
Foo Fighters,4P4s2KHOw0uISbLI3zkHtD
Foo Fighters,7zaZlzl0XhthNwH3GQcyZ0
Foo Fighters,5w4s2ccJcpiNlajHVGtHDg
Foo Fighters,0cA5yQFQAfKjf64QHbPqss
Foo Fighters,0CJuzA63oAQb8dJDY5IKhZ
Foo Fighters,2OSFREMR9mE2kiByPL3g71
Foo Fighters,4SMbJ6BAY9LdudY8v7HJpH
Foo Fighters,2fDVMNQmFuMORDD3dP7GkN
Foo Fighters,6BDF9S8M9qU4jOd5IjxoFo
Foo Fighters,47j1q4BTpQghINXlf5gTDH
Foo Fighters,4VdSBrdM55T8QXdjrOAXvD
Foo Fighters,3ev3JkW4mCru1pwO3g4N8d
Foo Fighters,0GE8sVpRYoMamNcfLGObxY
Foo Fighters,1Kr0tmA5iWITCQljsOT32t
Foo Fighters,35ZHzUnfmKA01F2GmEx6T5
Foo Fighters,1yYYdQ94FEyWAt1XtldifW
Foo Fighters,4uTi7sKEUmvVhSAqXJC5Kg
Foo Fighters,6klzQUk22YkppyrWlf5NIt
Foo Fighters,4yz18uIDy2g7gGH4wSfJTc
Foo Fighters,06s6aloy62vytl3MnT6gfl
Foo Fighters,2YVYq26E3XpUHjllzXHj8z
Foo Fighters,1152S957C8U9O5oFJxEQ8I
Foo Fighters,35OjTv3e5arNbGoCgfJ73Z
Foo Fighters,06LzBUkKZpPAWiEwB6iVri
Foo Fighters,2MKEQhvPb2VaJXjx5X8Yg6
Foo Fighters,5FZxsHWIvUsmSK1IAvm2pp
Foo Fighters,1QZFn6QUNHfCp8s06C91hw
Foo Fighters,7xT9J7vWvVEx7AfrNZBcZR
Foo Fighters,10gtVK2wMCv1HzjhHKnFnw
Foo Fighters,6OuwrRwl7q5VVpPREsx4j7
Foo Fighters,6Nt5aSBZC3Rs97mQeNzICw
Foo Fighters,7nO47INYJ98touXCXOM1ui
Foo Fighters,223Iqe4eRgg7ReO6JFCx8P
Foo Fighters,2wvfMTbZDPzpZhOt7z6tVo
Foo Fighters,3trcjkAjWu8qK60f4lKkGS
Foo Fighters,48ktarzxsErc0CbMysLGDw
Foo Fighters,7IznnRqG5qJihAFZFPOq5l
Foo Fighters,7cxAyJ1UcrkejC7fTTZcUV
Foo Fighters,1ct1ICmKoBb5zsU4zc53bd
Foo Fighters,39kHMfF3dBMZMbOtoit1XF
Foo Fighters,2Ei5auE9kCmwKB2JZtKPKO
Foo Fighters,02O71P5xudugRmFCFsQe9E
Foo Fighters,3G6xjB96azqSKV3uU44Bmt
Foo Fighters,6tsojOQ5wHaIjKqIryLZK6
Foo Fighters,3j8ja2Hq824OaRqIENJPTH
Foo Fighters,5f8vUklSZ6EoaqA4aZyeMj
Foo Fighters,67vYdAAM3oGsEImCRfbtsF
Foo Fighters,3pFKhFvx9oVQMd0OOQ5Sqt
Foo Fighters,4RH87gcPiBZneI200rM6C5
Foo Fighters,2j2XkrTVjq7i9GViOQPROS
Foo Fighters,4NPI2n6mINvcgNejPefpoY
Foo Fighters,5kxa7byBuZ5MuY7RrIyRL6
Foo Fighters,4fYaRsv3SeLuwbqImVvxJt
Foo Fighters,6FIJGWyovgbmDkjMp6a5x7
Foo Fighters,1Q0KFOFDJLAhtlzWWXtC44
Foo Fighters,7CusfLU24r4xtaOccowvXb
Foo Fighters,0TxxdiZgO92Q6L7M19PVWe
Foo Fighters,4IHPDCQEhk52UcJJFpdy5f
Foo Fighters,2HjXmTHd2UsGvwhuRzN1Ll
Foo Fighters,0HHqPzcuK9902hbw9eF1RH
Foo Fighters,1vziI0NCJKrqKiG94COHBa
Foo Fighters,2kh0u2d2YKQ7BCqeLPdHk6
Foo Fighters,5OQsiBsky2k2kDKy2bX2eT
Foo Fighters,3zgFz1o1N0hMHDzXS0fpIp
Foo Fighters,592nTDJAy8AucV4KKIDCmA
Foo Fighters,7dIh8FF0EzYKS8STv3v4F4
Foo Fighters,6olSqj5lSv0Fy8iB0MUU5c
Foo Fighters,1WwWjG2FGbBK6IkBBTknao
Foo Fighters,4yFrDbYg7uxKKn31CojuxG
Foo Fighters,2ifYUfvMNbXQDPJEyk68rP
Foo Fighters,7kxTnvOsp5h9KlHxKNud0r
Foo Fighters,2KvhVhBR7MIMZUQNRBiY2k
Foo Fighters,44wXefe8WB9Fd6xwtmAwbR
Foo Fighters,0M5xRyxGpFFDfzN2x0wdpH
Foo Fighters,3yIUusX4NApzRSAkxZFrJg
Foo Fighters,56ucsSaTrjiQaokbbDASOR
Foo Fighters,05TcC5ZN9rp8Glx8A9C2Nd
Foo Fighters,4dVbhS6OiYvFikshyaQaCN
Foo Fighters,48PrL49eJ5P15yTxjK0oW6
Foo Fighters,4JWRyetq4ALHAXm9ByOOEg
Foo Fighters,2ceA7CWWx6yIHdzppN8nLF
Foo Fighters,5UWwZ5lm5PKu6eKsHAGxOk
Foo Fighters,7pS2OVdIWviLpz5GOtJLzz
Foo Fighters,44yHNmayqe7dI9fHjAYPCl
Foo Fighters,4ZnD7qmpP3NWA1ctUzeUIw
Foo Fighters,2wO8aOvN1ogLy1N8XT1WJE
Foo Fighters,4LGKzrdEeBwR9UHCGlDT0W
Foo Fighters,6pb5BBnIM5IM7R1cqag6rE
Foo Fighters,5XUpAb2zC8G404RPkwb09H
Foo Fighters,2styBKRBhlZwPl5geag8KJ
Foo Fighters,5tULmRxZrbnzh32H3ZIghu
Foo Fighters,5FafTKnxl219ZUWFzaufRQ
Foo Fighters,1Oy0vCHc4rUCOphROBbPSd
Foo Fighters,6CbeOOrDFQuY1tXYscKqZQ
Foo Fighters,7rKm5BfLqxYko007wiamnm
Foo Fighters,7lMGc58V3S7lD2SLNRdOKx
Foo Fighters,5EwyzrFLXlcnPenrPQ9DlO
